JOHN,AGMA,dDD&sh21,"2093428710
",test@ukr.net,johnagma321,johnagma321@gmail.com
JOHN,AGMA,dDD&sh21,"2093428710
",test@ukr.net,johnagma212,johnagma212@gmail.com
LOGAN,PAUL,dDD&sh21,"2093428710
",test@ukr.net,paullogan016,paullogan016@gmail.com
JOHN,AGMA,dDD&sh21,"2093428710
",test@ukr.net,johnagma522,johnagma522@gmail.com
LOGAN,PAUL,dDD&sh21,"2093428710
",test@ukr.net,loganpaul525,loganpaul525@gmail.com
JOHN,AGMA,dDD&sh21,"2093428710
",test@ukr.net,johnagma00,johnagma00@gmail.com
LOGAN,PAUL,dDD&sh21,"2093428710
",test@ukr.net,loganpaul519,loganpaul519@gmail.com
JOHN,AGMA,dDD&sh21,"2093428710
",test@ukr.net,johnagma870,johnagma870@gmail.com
JOHN,AGMA,dDD&sh21,"2093428710
",test@ukr.net,johnagma460,johnagma460@gmail.com
LOGAN,PAUL,dDD&sh21,"2093428710
",test@ukr.net,paullogan204,paullogan204@gmail.com
JOHN,AGMA,dDD&sh21,"2093428710
",test@ukr.net,johnagma4,johnagma4@gmail.com
LOGAN,PAUL,dDD&sh21,"2093428710
",test@ukr.net,loganpaul013,loganpaul013@gmail.com
JOHN,AGMA,dDD&sh21,"2093428710
",test@ukr.net,johnagma10,johnagma10@gmail.com
LOGAN,PAUL,dDD&sh21,"2093428710
",test@ukr.net,loganpaul533,loganpaul533@gmail.com
